alphanumeric,name,phone,address
32325842E,Hop,+34 689142976,"P.O. Box 221, 6360 Sagittis Rd."
14998757S,Ryder,+34 910708754,"P.O. Box 255, 5807 Augue, Street"
52642932X,Tad,+34 614022273,336-3868 Posuere Av.
84831172D,Bevis,+34 961910202,Ap #926-4539 Diam. Rd.
27236854M,Riley,+34 652914544,"P.O. Box 519, 8077 Donec Avenue"
21624443L,Nasim,+34 943687583,554-7705 Scelerisque Av.
86003571Y,Martha,+34 977284842,228-6354 Vitae Rd.
27694354I,Cody,+34 917219532,Ap #642-3109 Tincidunt. St.
86766885Y,Leandra,+34 940414471,5673 Auctor Street
14111285R,Eric,+34 985371888,5112 Tempor Ave
11501787T,Berk,+34 914777342,"Ap #925-3760 Aliquet, St."
74669514X,Deborah,+34 934870821,202-6908 Tellus Street
84163151U,Vaughan,+34 652558793,715-5242 Aenean Street
81234403G,Renee,+34 616973386,Ap #455-8335 Ut Street
23361576J,Allistair,+34 635146491,Ap #349-8005 Molestie Av.
06672177J,Jenette,+34 976456654,530-4874 Ultrices Road
27563216X,Cody,+34 666672450,Ap #741-7336 Malesuada Avenue
48907325L,Dolan,+34 998422717,290-8532 Donec Street
15528542B,Boris,+34 682225281,"169-359 Est, Rd."
87207721T,Raphael,+34 995919354,926-1765 Fusce Rd.
58478084L,Herrod,+34 947566607,Ap #642-2094 Lectus Road
91024341S,Abraham,+34 981420781,287-6157 Tellus Street
71638818Y,Rhea,+34 960295880,602-4988 Metus. St.
03037337F,Harding,+34 630645359,Ap #604-1042 Libero Ave
51270757M,Francesca,+34 984663317,"P.O. Box 669, 8654 Malesuada Ave"
41852661L,Jin,+34 944876650,536-2494 Integer Rd.
62408781L,Chadwick,+34 613434205,Ap #888-663 Ac Rd.
53887718V,Zachary,+34 633548013,814-8690 Tempor Rd.
57871667D,Ignacia,+34 998020840,Ap #275-6016 Magna Street
32789372C,Sade,+34 677623559,"P.O. Box 431, 7896 Nec Street"
85296050C,Jada,+34 668481655,8188 Enim Av.
97361451K,Leroy,+34 933571432,Ap #571-699 Venenatis Rd.
38723408I,Uriah,+34 684052448,3907 Sed St.
41682454L,Elmo,+34 916641965,Ap #854-2222 Ipsum Street
33838412I,Baker,+34 677481979,Ap #808-5557 Turpis Rd.
18897518F,Graham,+34 911541741,"240-3154 Non, Rd."
88438465E,Hadassah,+34 921641170,"P.O. Box 794, 117 Auctor Avenue"
53748700M,Blake,+34 928946157,719-2384 Dapibus St.
61287586X,Phoebe,+34 996828543,883-7416 Eu Street
81227567M,Kyle,+34 941794450,Ap #905-224 Velit Av.
76486111P,Kenneth,+34 984262032,Ap #729-6969 Ornare Rd.
68857859C,Hadley,+34 637737795,644-7476 In Av.
52476150U,Jada,+34 921873537,963-6236 Non Road
14824069G,Heidi,+34 623400761,9255 Sed Avenue
31663625K,Rinah,+34 960352458,Ap #614-5884 Sed Av.
46302183O,Brent,+34 905263750,Ap #861-2135 Non Road
13672461S,Fuller,+34 956975384,Ap #882-4079 Risus Ave
39445563C,Farrah,+34 949856419,6277 Gravida. St.
42572472S,Debra,+34 621565865,"7891 At, Street"
69195426R,Amaya,+34 938157252,"P.O. Box 349, 619 Aliquet, St."
61114341O,Christen,+34 645828731,Ap #394-373 Ligula Road
47672458K,Abra,+34 651166514,Ap #690-1940 Vitae Street
82267274L,Hiroko,+34 912887551,"773-856 Vitae, Ave"
72926181S,Brynne,+34 912778835,"Ap #704-1919 Non, Road"
55744876F,Gavin,+34 665551559,"P.O. Box 480, 4862 Quis Rd."
98756774J,Hashim,+34 936512452,170-3106 Dis Street
34711537H,Dolan,+34 918985343,Ap #864-3797 Cursus St.
43361458C,Allen,+34 617361459,Ap #146-8477 Praesent Rd.
48465659P,Noah,+34 635142443,285-4203 Non Road
63886935V,Lila,+34 617752732,Ap #252-5758 Donec Ave
32966012N,Haviva,+34 992434696,790-9969 Egestas. Street
33550713H,Kyra,+34 983266337,Ap #782-6572 Fusce St.
61458320W,Nero,+34 629171202,655-9903 Vivamus Ave
96269462Y,Burke,+34 672184941,Ap #127-8229 Erat Road
63752196C,Chase,+34 649478785,"P.O. Box 949, 6224 Eu St."
31547161G,Dustin,+34 610510685,Ap #419-4744 Cursus. Av.
50513205L,Hanae,+34 942323225,6703 Augue Rd.
61757411S,Rana,+34 975568428,Ap #543-3443 Sed St.
83122364G,Amanda,+34 652288503,214-3099 Lacinia Avenue
18622722H,Edward,+34 946304588,Ap #754-7908 Magna Street
97431457P,Joelle,+34 916528914,"P.O. Box 767, 8999 Mi. Road"
82223881T,Mechelle,+34 986212814,677-9283 Taciti Avenue
77395517A,Ross,+34 682164158,"P.O. Box 939, 247 Magna Avenue"
26264221L,Jameson,+34 962737839,708-1465 Fermentum Rd.
41089766F,Clayton,+34 988501371,"P.O. Box 520, 8058 Tempus Avenue"
12349242U,Amity,+34 643872891,Ap #602-1337 Urna Rd.
53774407H,Jolie,+34 929146152,"P.O. Box 820, 5136 Nec, Av."
63530885J,Herrod,+34 674694596,Ap #975-1157 Accumsan Rd.
47138434V,Jermaine,+34 942346957,"436-7104 Elementum, Street"
54128351H,Kelly,+34 649737665,"P.O. Box 631, 4868 Sed St."
71736135J,Jenna,+34 686344359,"P.O. Box 788, 1760 Faucibus Road"
84696383P,Steel,+34 926933523,506-4163 Eleifend St.
55220061K,Hyacinth,+34 639367255,148-572 Consectetuer Av.
10682180G,Venus,+34 625641009,7779 Eget Rd.
58920734S,Driscoll,+34 964648122,Ap #635-4568 Urna. St.
20057643D,Ruth,+34 962224787,"3001 Tortor, Rd."
62866814P,Wyoming,+34 950324343,Ap #766-487 Proin Ave
14726168I,Alisa,+34 649611234,"P.O. Box 132, 3919 Sed Ave"
68306780J,Guy,+34 603659214,Ap #596-8307 Nonummy Rd.
33622564N,Tamekah,+34 900586751,"559-9970 Facilisis, Road"
93673425S,Ethan,+34 956383013,"P.O. Box 841, 6759 Et Rd."
36423877W,Rae,+34 641702887,5300 Et St.
20444494G,Shad,+34 601452242,5497 Ut Ave
65344366F,Nasim,+34 647321855,"5184 Ut, St."
10849789D,Malik,+34 688512817,4153 Est. St.
19287821G,Geoffrey,+34 685215355,"P.O. Box 732, 5442 Integer Road"
41684914E,Madaline,+34 974202357,846-411 Euismod St.
17660772K,Jasper,+34 938031368,4788 Vulputate Rd.
31544528L,Daphne,+34 905478326,"P.O. Box 514, 7958 Cursus Av."
29217784O,Lance,+34 936153337,907-556 Eleifend St.
81256886P,Oleg,+34 657236253,"Ap #526-9431 Tempor, Street"
02727897G,Craig,+34 655024239,Ap #354-339 Convallis Avenue
05117351D,Scott,+34 628318658,Ap #139-2509 Mauris. Ave
48366507Y,Shellie,+34 954515912,"P.O. Box 960, 574 A, Ave"
94196870T,Rose,+34 639116644,Ap #432-6847 Enim. St.
22263224T,Jesse,+34 976550727,374-7642 Etiam Av.
14716443E,Vielka,+34 921621117,206-9629 Ac Road
20424359X,Keane,+34 982543055,2705 Massa. St.
67812134C,Lana,+34 699887584,9009 Conubia Rd.
39943567V,Miriam,+34 957467294,"P.O. Box 570, 6453 Scelerisque St."
52841109T,Peter,+34 632184444,799-1947 Euismod St.
06778953B,Jemima,+34 605615577,Ap #854-3958 Eleifend. Road
57294588N,Kirby,+34 635135234,Ap #114-2221 Porttitor Avenue
03357905E,Gregory,+34 675538162,"P.O. Box 101, 1783 Sit Av."
08487121W,Yeo,+34 912558377,Ap #789-9452 Ut Street
35602161H,Carolyn,+34 621724742,892-7956 Nunc Road
44194373V,Abbot,+34 658200883,Ap #428-2136 Vehicula Rd.
06456511P,Ignatius,+34 977362215,"P.O. Box 547, 5431 Vulputate Ave"
12589795L,Lana,+34 975231519,Ap #740-3872 Enim St.
04816467S,Mollie,+34 952635225,189-1874 Integer St.
96458414Z,Riley,+34 610914471,Ap #965-5261 Turpis Rd.
27715855J,Shay,+34 662534242,9889 Ac Ave
98863285S,Celeste,+34 920707234,7528 Vehicula Avenue
33151555O,Cecilia,+34 921463263,"4320 A, St."
10716170S,Sara,+34 621068464,514-4680 Ante Rd.
73235221S,Armando,+34 617244554,Ap #331-5565 Nec St.
87680077H,Elijah,+34 601621346,4238 Fermentum Rd.
71782828E,Vanna,+34 942751939,7018 Tempus Ave
14142634Z,Gavin,+34 618673536,954-1678 Sodales St.
43408761H,Azalia,+34 643138443,442-4437 Sem Avenue
48306453I,Russell,+34 905675436,637-1768 Molestie Av.
11286161G,Erasmus,+34 914986328,"8745 Nec, Rd."
40545566S,April,+34 908678177,"P.O. Box 109, 2209 Diam Avenue"
47316221I,Arthur,+34 950362246,831-9335 Donec Av.
82881546U,Lionel,+34 938217613,6669 Aliquet St.
18152157Q,Norman,+34 658926663,526-8997 Blandit. Rd.
90188153K,Ian,+34 623674860,"Ap #936-7085 Eu, Rd."
73327471I,Arthur,+34 957644124,212-5436 Fringilla Avenue
35618539X,Christopher,+34 966428532,"965-7942 Orci, Ave"
54978611E,Britanni,+34 617329886,317-4753 Pulvinar Avenue
65095345L,Ahmed,+34 667742248,"981-1367 Montes, Rd."
21162808G,Marshall,+34 637733283,7489 Sed Rd.
16387411T,Ora,+34 982448595,770-6945 At Ave
64163470T,Cathleen,+34 677724044,"P.O. Box 139, 4599 Mauris Av."
62716279R,Ferris,+34 943593762,653-4555 Sagittis. Avenue
77621368I,Kibo,+34 641680411,162-9026 A Road
30968055N,Logan,+34 942359735,Ap #465-1913 Rutrum Ave
74072650I,McKenzie,+34 936330470,"P.O. Box 995, 2637 Non, Rd."
28858652Y,Erasmus,+34 941282867,"P.O. Box 106, 5274 Ut, Avenue"
55658676Y,Raphael,+34 941174404,879-2730 Primis St.
84077809B,Adena,+34 956863885,360-9535 Aliquam Rd.
59138943L,Aladdin,+34 922013586,3861 Ac St.
87925743O,Martina,+34 615381788,"P.O. Box 986, 5583 Nec, Street"
27651638R,Devin,+34 938862233,Ap #660-1081 Volutpat. St.
55889863V,Ruth,+34 989858423,Ap #157-2878 Dignissim Ave
83852785E,Rhonda,+34 655752748,Ap #636-3480 Taciti Road
65217233C,Shellie,+34 624161687,262-5345 Metus Street
46760744E,Bert,+34 994924371,Ap #942-2739 Adipiscing Rd.
35691177R,Ashton,+34 682161814,Ap #840-207 Eu Street
07439678M,Wynter,+34 650474516,5214 Pharetra. Rd.
92861823W,Cleo,+34 989636755,"P.O. Box 138, 4793 Lobortis Ave"
11407436U,Lana,+34 962698313,928-5078 Mattis. Rd.
69049695Q,Ariel,+34 645126376,"P.O. Box 714, 5077 Dolor Ave"
63848366U,Nicholas,+34 964490117,Ap #302-525 Sem St.
63644938I,Lois,+34 963523186,Ap #153-3881 Faucibus Road
44383648F,Chadwick,+34 977754815,771-8277 Dis Rd.
16435620M,Imani,+34 604728271,"P.O. Box 692, 5994 Ac St."
43746254A,Maxwell,+34 937121568,Ap #239-9102 Diam. St.
22478748T,Mollie,+34 650014866,709-1171 Non Avenue
41762219B,Natalie,+34 955841288,2506 Id Road
94042119I,Chase,+34 989460717,"Ap #172-6255 Id, Rd."
92582690C,Jasper,+34 671983666,110-758 Ac Street
74339304T,Lamar,+34 913707481,Ap #531-7431 Per St.
27656088Y,Lucian,+34 947948441,120-259 Molestie. St.
65917739I,Abel,+34 616784388,927-4750 Consequat Rd.
23808369D,Aquila,+34 652147579,Ap #914-8966 Fusce Rd.
45659518F,Oleg,+34 951975656,9319 Sed St.
64141638S,Yen,+34 626221254,4942 Orci. St.
37379645O,Brody,+34 664712772,"P.O. Box 173, 3353 Ligula. Av."
56363307T,Ocean,+34 668956368,Ap #945-8418 Ac Ave
37784838R,Troy,+34 992283041,Ap #559-9515 Fringilla. St.
70672046D,Phelan,+34 917874316,1048 Cum Rd.
17756446J,John,+34 627116448,"P.O. Box 538, 6896 Lorem, Ave"
49431686A,Josiah,+34 958533968,Ap #185-8792 In Road
48429445Y,Rhoda,+34 976034785,"P.O. Box 771, 8833 Congue Street"
53875884A,Athena,+34 956615525,226-7761 Maecenas Rd.
13120475M,Nina,+34 686226794,191-6230 Arcu Av.
74739677B,Rinah,+34 684733710,201-9940 Neque. St.
52898249Y,Adria,+34 928114838,1906 Dignissim Avenue
35659119X,Kelly,+34 937807364,734-7813 Cras Road
63866437E,Bell,+34 994171553,702-8685 Ipsum. Av.
13787713Y,Carlos,+34 691416945,160-5197 Nec Rd.
20194439E,Megan,+34 673314278,"P.O. Box 861, 424 Justo Ave"
79471085J,Helen,+34 626273133,371-3410 Per Ave
65993301G,Dane,+34 668511719,Ap #707-2579 Vehicula St.
01020966H,Norman,+34 649280557,991-2991 Morbi St.
82856365E,Arsenio,+34 681744433,Ap #981-4057 Magna. Rd.
57595615Y,Alan,+34 918818345,Ap #141-8706 Condimentum. Rd.
59427156Z,Karly,+34 681504762,Ap #463-2860 Nam St.
76362265O,Lee,+34 647684707,Ap #119-6048 Odio. Av.
87835441Y,Lenore,+34 984365618,"Ap #295-6468 Id, Road"
42347392C,Joseph,+34 638455547,"P.O. Box 591, 3071 Consequat Avenue"
02727727Q,Kalia,+34 976226278,Ap #112-1852 Arcu. Avenue
61072232T,Keely,+34 945896847,9495 Cursus St.
40861865M,Dillon,+34 976003257,"P.O. Box 329, 5265 Fusce Av."
77962234C,Samantha,+34 957710535,204-9040 Laoreet Rd.
09687548T,Germaine,+34 658787232,Ap #354-1877 Pellentesque Avenue
44517526W,Zena,+34 685944280,8443 Nullam St.
28615291C,Ignatius,+34 948727437,Ap #962-9079 Phasellus Rd.
16554723W,Deborah,+34 954214065,7471 Aliquam Rd.
27435570Y,Phillip,+34 916729277,Ap #152-6952 Vel Ave
97471829M,Channing,+34 932366471,Ap #303-7194 Ultrices. Av.
78438241Y,Quinn,+34 915186744,"728-8376 Mauris, St."
37059671Y,Emery,+34 688970096,Ap #370-7120 Sed Ave
99334522Q,Orson,+34 963260842,2487 Donec Av.
99711157V,Carly,+34 917780081,Ap #896-7716 Luctus Road
60156643Q,Brett,+34 683768162,145-2080 Vestibulum Av.
17126467E,Ursa,+34 932102672,175-2861 Egestas Rd.
23534419I,Francesca,+34 984245722,786-7312 Sed Rd.
60609718O,Roth,+34 678141873,347-2786 Metus St.
88286654D,Sawyer,+34 612582262,865-4488 Viverra. St.
28618721M,Hanae,+34 928464738,Ap #614-6913 Pharetra Rd.
94543270Q,Merrill,+34 689862303,8594 In Rd.
16275641I,Nell,+34 973231653,890-468 Nullam Rd.
76848628B,Hamish,+34 942357333,Ap #944-1100 Magna. Ave
73421768Z,Driscoll,+34 950612485,"Ap #890-6906 Vitae, Street"
24125376H,Logan,+34 948514468,8506 Vitae Rd.
89195121Q,Cally,+34 678070463,767-2860 Vivamus Street
48868652C,Kimberly,+34 675645474,979-9299 Iaculis Av.
52352688R,Xanthus,+34 963287207,5706 Ac Street
14877126M,Bernard,+34 638471721,Ap #955-9709 Varius Road
98228247C,Simon,+34 665324112,447-7668 Vitae Rd.
01341585O,Nola,+34 631398981,708-6166 Sem Rd.
85699752O,Rebecca,+34 942412657,Ap #435-5212 Nibh St.
26655464V,Lareina,+34 686126372,905-5699 Pede. St.
34651113V,Marah,+34 632686321,978-7577 Integer Rd.
54664061F,Quentin,+34 686667634,"P.O. Box 124, 4324 Nec, Rd."
59628168I,Rashad,+34 995843579,Ap #826-4689 Nulla Street
86143440W,Nicholas,+34 622034858,Ap #305-7466 Sagittis Street
15184503W,Zoe,+34 949022431,Ap #487-2016 Torquent St.
47251156V,Xandra,+34 934053100,9032 Nunc Av.
73635513M,Colt,+34 911568893,"P.O. Box 734, 4714 Accumsan Ave"
73237237V,Desiree,+34 651048656,512-942 Interdum. Rd.
23711575I,Elliott,+34 612616199,652-8146 Donec Avenue
45349188V,Coby,+34 626722653,8919 Metus. St.
38367852T,Priscilla,+34 633826998,247-9506 Dui St.
61084606O,Matthew,+34 644614571,661-8621 Non Avenue
80364339O,Mark,+34 635177847,593-5525 Nunc Road
51185555O,Xanthus,+34 649614062,"P.O. Box 491, 4759 Nec St."
78776712M,Salvador,+34 971375924,"P.O. Box 697, 2097 Cursus. Avenue"
70963757F,Mariko,+34 658247334,745-5006 Ligula. Road
52136600U,Cleo,+34 909169252,"P.O. Box 814, 4463 Est, Ave"
30157438C,Janna,+34 958389177,Ap #326-2545 Fringilla. St.
78378184B,Colette,+34 974637657,"6652 Ornare, St."
02078887V,Ahmed,+34 612378395,557-9800 Cursus Avenue
67331439N,Yen,+34 632878323,Ap #177-9503 Dignissim. Av.
11768668T,Colleen,+34 635413065,4789 Nisl Road
35946980T,Jamalia,+34 961742826,Ap #274-6386 Lorem Street
10198895E,Meredith,+34 961526716,715-3149 Sem St.
55465953N,Conan,+34 656225637,"P.O. Box 141, 4095 Mollis Rd."
26982674I,Brody,+34 614701189,3640 Pretium Rd.
40685526N,Malik,+34 972536287,Ap #233-6564 Risus Rd.
21788505H,Camille,+34 965237299,818-4094 In Road
34312156P,Camden,+34 962758169,Ap #947-5153 Vestibulum Av.
06458825O,Gregory,+34 643904411,Ap #259-4614 Ac Avenue
78312659C,Erich,+34 962045769,"P.O. Box 133, 9552 Cursus Road"
51324713B,Adrienne,+34 914494819,5727 Dolor St.
77338175H,Gillian,+34 966168468,526-7974 Nulla. Av.
78045849Y,Joshua,+34 922274655,"P.O. Box 602, 4200 Diam. Street"
38323858H,Lynn,+34 679232540,753-1752 Nec Avenue
32913752P,Kylee,+34 638338955,968-9771 Est Ave
38261158U,Iliana,+34 649896690,853-9633 Ipsum Rd.
43484123O,Sophia,+34 637006151,6894 Dolor St.
44213776F,Althea,+34 666368558,"Ap #187-8544 Non, St."
51542471T,Talon,+34 994757878,Ap #768-2663 Donec Avenue
35334248S,McKenzie,+34 673887240,147-1347 Nisi Rd.
15652383G,Lareina,+34 976156366,597-7960 Nunc Street
72622033E,Leigh,+34 631277701,Ap #556-6739 Parturient St.
62865796K,Fuller,+34 648070924,609-1801 Ante Ave
61918737E,Lyle,+34 922603661,"P.O. Box 841, 785 Aliquam St."
61964409Q,Dorian,+34 619799925,692-5878 Sed Av.
72942443S,Vincent,+34 614756548,Ap #385-7754 Gravida Road
30818515A,Gay,+34 690548253,"P.O. Box 224, 922 Amet, Ave"
84646465V,Russell,+34 620572341,199 Ante. St.
22671652R,Francesca,+34 603529545,Ap #911-1827 Non Road
11085445I,Yvette,+34 676506687,263-9965 Lacus. St.
22446885N,Keegan,+34 975077144,"P.O. Box 917, 8950 Libero Rd."
94887591R,Raya,+34 625240616,Ap #264-3060 Sed St.
87856081D,Lewis,+34 604239945,Ap #701-7670 Tincidunt Street
67482864P,Colorado,+34 647362436,854-5540 Erat Avenue
45825752B,Dorothy,+34 668639862,740-9608 Interdum Rd.
04538632M,Damon,+34 622651505,Ap #131-4383 Felis Street
27267034M,Amanda,+34 627760472,5554 Donec Street
46374446Z,Ryder,+34 618541784,"683-7151 Elit, Av."
95233675W,Micah,+34 923079465,555-3679 Nisl Av.
47602748B,Erich,+34 693281523,116-5932 Curabitur Street
88628328R,Kevyn,+34 940671337,772-3736 Senectus Road
56433801S,Josiah,+34 658142187,Ap #201-8523 Libero. Av.
73541130D,Jemima,+34 917132031,"P.O. Box 755, 2151 Ipsum St."
37153443P,Chanda,+34 988228385,"7331 Enim, Road"
